,Method,ARI,Purity,F-Measure,Davies-Bouldin Index,Silhouette Coefficient,Calinski,Solving Time,Iterations
0,optics_k_2_distance_euclidean_algorithm_brute_min_15,-0.0004947814620964986,0.5,0.5572232645403377,0.0,-0.00040736401003659017,2.5451662155858243e-27,3.328798532485962,
1,optics_k_2_distance_euclidean_algorithm_ball_tree_min_15,-0.0004947814620964986,0.5,0.5572232645403377,0.0,-0.00040736401003659017,2.5451662155858243e-27,1.7409632205963135,
2,optics_k_2_distance_manhattan_algorithm_brute_min_15,-0.0004947814620964986,0.5,0.5572232645403377,0.0,-0.00040736401003659017,2.5451662155858243e-27,1.9539377689361572,
3,optics_k_2_distance_manhattan_algorithm_ball_tree_min_15,-0.0004947814620964986,0.5,0.5572232645403377,0.0,-0.00040736401003659017,2.5451662155858243e-27,1.767002820968628,
4,optics_k_1_distance_hamming_algorithm_brute_min_15,,,,,,,2.1590356826782227,
5,optics_k_1_distance_hamming_algorithm_ball_tree_min_15,,,,,,,1.5130000114440918,
