,Method,ARI,Purity,F-Measure,Davies-Bouldin Index,Silhouette Coefficient,Calinski,Solving Time,Iterations
0,optics_k37_distance-euclidean_algorithm-brute_xi-0.1_min-15,0.0009626818907816753,0.9620689655172414,0.375691453141856,1.3757067618970396,0.4312342731735861,180.1381626745849,6.834778785705566,
1,optics_k37_distance-euclidean_algorithm-ball_tree_xi-0.1_min-15,0.000951336770562729,0.9620689655172414,0.37534781211258555,1.3756731454364053,0.4314153926955038,180.5656086614469,5.494678020477295,
2,optics_k36_distance-manhattan_algorithm-brute_xi-0.1_min-15,0.0011427468526676683,0.9620689655172414,0.37603494171281704,1.3595657062675572,0.4380660881567891,192.9933180836524,5.959998846054077,
3,optics_k36_distance-manhattan_algorithm-ball_tree_xi-0.1_min-15,0.0011427468526676683,0.9620689655172414,0.37603494171281704,1.3595657062675572,0.4380660881567891,192.9933180836524,6.735259771347046,
4,optics_k4_distance-hamming_algorithm-brute_xi-0.1_min-15,-0.0031013565294819006,0.9610079575596817,0.7965166973276302,2.770429417422515,0.14680772367494066,226.69287677097344,6.774194002151489,
5,optics_k4_distance-hamming_algorithm-ball_tree_xi-0.1_min-15,-0.0031013565294819006,0.9610079575596817,0.7965166973276302,2.770429417422515,0.14680772367494066,226.69287677097344,5.797996997833252,
