,Method,ARI,Purity,F-Measure,Davies-Bouldin Index,Silhouette Coefficient,Calinski,Solving Time,Iterations
0,optics_k_2_distance_euclidean_algorithm_brute_xi_0.05_min_15,-0.0004947814620964986,0.5,0.5572232645403377,0.0,-0.00040736401003659017,2.5451662155858243e-27,2.6450037956237793,
1,optics_k_2_distance_euclidean_algorithm_ball_tree_xi_0.05_min_15,-0.0004947814620964986,0.5,0.5572232645403377,0.0,-0.00040736401003659017,2.5451662155858243e-27,1.8560349941253662,
2,optics_k_2_distance_manhattan_algorithm_brute_xi_0.05_min_15,-0.0004947814620964986,0.5,0.5572232645403377,0.0,-0.00040736401003659017,2.5451662155858243e-27,1.9509689807891846,
3,optics_k_2_distance_manhattan_algorithm_ball_tree_xi_0.05_min_15,-0.0004947814620964986,0.5,0.5572232645403377,0.0,-0.00040736401003659017,2.5451662155858243e-27,1.8910014629364014,
4,optics_k_1_distance_hamming_algorithm_brute_xi_0.05_min_15,,,,,,,2.136033058166504,
5,optics_k_1_distance_hamming_algorithm_ball_tree_xi_0.05_min_15,,,,,,,1.7049672603607178,
